ntree;media;desvio
10;0.7738095238095238;0.07869758990970672
25;0.7738095238095238;0.07869758990970672
50;0.7738095238095238;0.07869758990970672
60;0.7738095238095238;0.07869758990970672
