ntree;media;desvio
10;0.7738095238095238;0.07869758990970672
15;0.7738095238095238;0.07869758990970672
